,user_id,username,Age,Proficiency,Objective,Learning Type,Tell us about myself
1,johndoe,18-24,Begginer,Travel,Self Study,I am a student at the university of California, Berkeley. I am majoring in computer science and I am interested in learning English so that I can travel to Europe.
2,janesmith,24-35,Intermediate,School/Uni,Mix,I am a teacher and I am learning English so that I can teach my students. I am also interested in traveling to England.,
3,johnsmith,35-45,Advanced Intermediate,Hobby,Self Study,I am a retired engineer and I am learning English so that I can read English literature. I am also interested in traveling to England.,
4,maryjohnson,45-55,Advanced,Skill,Live Class,I am a business woman and I am learning English so that I can improve my career prospects. I am also interested in traveling to the United States.,
5,robertdavis,55-65,Begginer,Career,Mix,I am a doctor and I am learning English so that I can communicate with my patients. I am also interested in traveling to the United States.,
6,susanwilliams,65,Intermediate,Social,Self Study,I am a retired nurse and I am learning English so that I can make friends with people from other countries. I am also interested in traveling to Europe.,
7,davidbrown,18-24,Advanced Intermediate,Other,Live Class,I am a student at the university of California, Berkeley. I am majoring in linguistics and I am interested in learning English so that I can work as a translator.
8,sarahjones,24-35,Begginer,Hobby,Mix,I am a stay-at-home mom and I am learning English so that I can read English books to my children. I am also interested in traveling to the United States.,
9,markwilson,35-45,Intermediate,School/Uni,Self Study,I am a teacher and I am learning English so that I can teach my students. I am also interested in traveling to England.,
10,jenniferhernandez,45-55,Advanced,Skill,Live Class,I am a business woman and I am learning English so that I can improve my career prospects. I am also interested in traveling to the United States.,
11,williamdavis,55-65,Begginer,Career,Mix,I am a doctor and I am learning English so that I can communicate with my patients. I am also interested in traveling to the United States.,
12,elizabethwilliams,65,Intermediate,Social,Self Study,I am a retired nurse and I am learning English so that I can make friends with people from other countries. I am also interested in traveling to Europe.,
13,josephbrown,18-24,Advanced Intermediate,Other,Live Class,I am a student at the university of California, Berkeley. I am majoring in linguistics and I am interested in learning English so that I can work as a translator.
14,emilyjones,24-35,Begginer,Hobby,Mix,I am a stay-at-home mom and I am learning English so that I can read English books to my children. I am also interested in traveling to the United States.,
15,michaelwilson,35-45,Intermediate,School/Uni,Self Study,I am a teacher and I am learning English so that I can teach my students. I am also interested in traveling to England.,
16,jessicahernandez,45-55,Advanced,Skill,Live Class,I am a business woman and I am learning English so that I can improve my career prospects. I am also interested in traveling to the United States.,
17,danieldavis,55-65,Begginer,Career,Mix,I am a doctor and I am learning English so that I can communicate with my patients. I am also interested in traveling to the United States.,
18,rebeccaknight,65,Intermediate,Social,Self Study,I am a retired nurse and I am learning English so that I can make friends with people from other countries. I am also interested in traveling to Europe.,
19,jamesbrown,18-24,Advanced Intermediate,Other,Live Class,I am a student at the university of California, Berkeley. I am majoring in linguistics and I am interested in learning English so that I can work as a translator.
20,michellejones,24-35,Begginer,Hobby,Mix,I am a stay-at-home mom and I am learning English so that I can read English books to my children. I am also interested in traveling to the United States.,
21,andrewlee,35-45,Intermediate,School/Uni,Self Study,I am a teacher and I am learning English so that I can teach my students. I am also interested in traveling to England.,
22,kristinhernandez,45-55,Advanced,Skill,Live Class,I am a business woman and I am learning English so that I can improve my career prospects. I am also interested in traveling to the United States.,
23,frankdavis,55-65,Begginer,Career,Mix,I am a doctor and I am learning English so that I can communicate with my patients. I am also interested in traveling to the United States.,
24,susannawilliams,65,Intermediate,Social,Self Study,I am a retired nurse and I am learning English so that I can make friends with people from other countries. I am also interested in traveling to Europe.,
25,davidbrown,18-24,Advanced Intermediate,Other,Live Class,I am a student at the university of California, Berkeley. I am majoring in linguistics and I am interested in learning English so that I can work as a translator.
26,sarahjones,24-35,Begginer,Hobby,Mix,I am a stay-at-home mom and I am learning English so that I can read English books to my children. I am also interested in traveling to the United States.,
27,markwilson,35-45,Intermediate,School/Uni,Self Study,I am a teacher and I am learning English so that I can teach my students. I am also interested in traveling to England.,
28,jenniferhernandez,45-55,Advanced,Skill,Live Class,I am a business woman and I am learning English so that I can improve my career prospects. I am also interested in traveling to the United States.,
29,williamdavis,55-65,Begginer,Career,Mix,I am a doctor and I am learning English so that I can communicate with my patients. I am also interested in traveling to the United States.,
32,emilyjones,24-35,Begginer,Hobby,Mix,I am a stay-at-home mom and I am learning English so that I can read English books to my children. I am also interested in traveling to the United States.,
33,michaelwilson,35-45,Intermediate,School/Uni,Self Study,I am a teacher and I am learning English so that I can teach my students. I am also interested in traveling to England.,
34,jessicahernandez,45-55,Advanced,Skill,Live Class,I am a business woman and I am learning English so that I can improve my career prospects. I am also interested in traveling to the United States.,
35,danieldavis,55-65,Begginer,Career,Mix,I am a doctor and I am learning English so that I can communicate with my patients. I am also interested in traveling to the United States.,
36,rebeccaknight,65,Intermediate,Social,Self Study,I am a retired nurse and I am learning English so that I can make friends with people from other countries. I am also interested in traveling to Europe.,
37,jamesbrown,18-24,Advanced Intermediate,Other,Live Class,I am a student at the university of California, Berkeley. I am majoring in linguistics and I am interested in learning English so that I can work as a translator.
38,michellejones,24-35,Begginer,Hobby,Mix,I am a stay-at-home mom and I am learning English so that I can read English books to my children. I am also interested in traveling to the United States.,
39,andrewlee,35-45,Intermediate,School/Uni,Self Study,I am a teacher and I am learning English so that I can teach my students. I am also interested in traveling to England.,
40,kristinhernandez,45-55,Advanced,Skill,Live Class,I am a business woman and I am learning English so that I can improve my career prospects. I am also interested in traveling to the United States.,
41,frankdavis,55-65,Begginer,Career,Mix,I am a doctor and I am learning English so that I can communicate with my patients. I am also interested in traveling to the United States.,
42,susannawilliams,65,Intermediate,Social,Self Study,I am a retired nurse and I am learning English so that I can make friends with people from other countries. I am also interested in traveling to Europe.,
43,davidbrown,18-24,Advanced Intermediate,Other,Live Class,I am a student at the university of California, Berkeley. I am majoring in linguistics and I am interested in learning English so that I can work as a translator.
44,sarahjones,24-35,Begginer,Hobby,Mix,I am a stay-at-home mom and I am learning English so that I can read English books to my children. I am also interested in traveling to the United States.,
45,markwilson,35-45,Intermediate,School/Uni,Self Study,I am a teacher and I am learning English so that I can teach my students. I am also interested in traveling to England.,
46,jenniferhernandez,45-55,Advanced,Skill,Live Class,I am a business woman and I am learning English so that I can improve my career prospects. I am also interested in traveling to the United States.,
47,williamdavis,55-65,Begginer,Career,Mix,I am a doctor and I am learning English so that I can communicate with my patients. I am also interested in traveling to the United States.,
48,elizabethwilliams,65,Intermediate,Social,Self Study,I am a retired nurse and I am learning English so that I can make friends with people from other countries. I am also interested in traveling to Europe.,
49,josephbrown,18-24,Advanced Intermediate,Other,Live Class,I am a student at the university of California, Berkeley. I am majoring in linguistics and I am interested in learning English so that I can work as a translator.
52,jessicahernandez,45-55,Advanced,Skill,Live Class,I am a business woman and I am learning English so that I can improve my career prospects. I am also interested in traveling to the United States.,
53,danieldavis,55-65,Begginer,Career,Mix,I am a doctor and I am learning English so that I can communicate with my patients. I am also interested in traveling to the United States.,
54,rebeccaknight,65,Intermediate,Social,Self Study,I am a retired nurse and I am learning English so that I can make friends with people from other countries. I am also interested in traveling to Europe.,
55,jamesbrown,18-24,Advanced Intermediate,Other,Live Class,I am a student at the university of California, Berkeley. I am majoring in linguistics and I am interested in learning English so that I can work as a translator.
56,michellejones,24-35,Begginer,Hobby,Mix,I am a stay-at-home mom and I am learning English so that I can read English books to my children. I am also interested in traveling to the United States.,
57,andrewlee,35-45,Intermediate,School/Uni,Self Study,I am a teacher and I am learning English so that I can teach my students. I am also interested in traveling to England.,
58,kristinhernandez,45-55,Advanced,Skill,Live Class,I am a business woman and I am learning English so that I can improve my career prospects. I am also interested in traveling to the United States.,
59,frankdavis,55-65,Begginer,Career,Mix,I am a doctor and I am learning English so that I can communicate with my patients. I am also interested in traveling to the United States.,
60,susannawilliams,65,Intermediate,Social,Self Study,I am a retired nurse and I am learning English so that I can make friends with people from other countries. I am also interested in traveling to Europe.,
61,davidbrown,18-24,Advanced Intermediate,Other,Live Class,I am a student at the university of California, Berkeley. I am majoring in linguistics and I am interested in learning English so that I can work as a translator.
62,sarahjones,24-35,Begginer,Hobby,Mix,I am a stay-at-home mom and I am learning English so that I can read English books to my children. I am also interested in traveling to the United States.,
63,markwilson,35-45,Intermediate,School/Uni,Self Study,I am a teacher and I am learning English so that I can teach my students. I am also interested in traveling to England.,
64,jenniferhernandez,45-55,Advanced,Skill,Live Class,I am a business woman and I am learning English so that I can improve my career prospects. I am also interested in traveling to the United States.,
65,williamdavis,55-65,Begginer,Career,Mix,I am a doctor and I am learning English so that I can communicate with my patients. I am also interested in traveling to the United States.,
66,elizabethwilliams,65,Intermediate,Social,Self Study,I am a retired nurse and I am learning English so that I can make friends with people from other countries. I am also interested in traveling to Europe.,
67,josephbrown,18-24,Advanced Intermediate,Other,Live Class,I am a student at the university of California, Berkeley. I am majoring in linguistics and I am interested in learning English so that I can work as a translator.
68,emilyjones,24-35,Begginer,Hobby,Mix,I am a stay-at-home mom and I am learning English so that I can read English books to my children. I am also interested in traveling to the United States.,
69,michaelwilson,35-45,Intermediate,School/Uni,Self Study,I am a teacher and I am learning English so that I can teach my students. I am also interested in traveling to England.,
70,jessicahernandez,45-55,Advanced,Skill,Live Class,I am a business woman and I am learning English so that I can improve my career prospects. I am also interested in traveling to the United States.,
71,danieldavis,55-65,Begginer,Career,Mix,I am a doctor and I am learning English so that I can communicate with my patients. I am also interested in traveling to the United States.,
72,rebeccaknight,65,Intermediate,Social,Self Study,I am a retired nurse and I am learning English so that I can make friends with people from other countries. I am also interested in traveling to Europe.,
73,jamesbrown,18-24,Advanced Intermediate,Other,Live Class,I am a student at the university of California, Berkeley. I am majoring in linguistics and I am interested in learning English so that I can work as a translator.
74,michellejones,24-35,Begginer,Hobby,Mix,I am a stay-at-home mom and I am learning English so that I can read English books to my children. I am also interested in traveling to the United States.,
77,frankdavis,55-65,Begginer,Career,Mix,I am a doctor and I am learning English so that I can communicate with my patients. I am also interested in traveling to the United States.,
78,susannawilliams,65,Intermediate,Social,Self Study,I am a retired nurse and I am learning English so that I can make friends with people from other countries. I am also interested in traveling to Europe.,
79,davidbrown,18-24,Advanced Intermediate,Other,Live Class,I am a student at the university of California, Berkeley. I am majoring in linguistics and I am interested in learning English so that I can work as a translator.
80,sarahjones,24-35,Begginer,Hobby,Mix,I am a stay-at-home mom and I am learning English so that I can read English books to my children. I am also interested in traveling to the United States.,
81,markwilson,35-45,Intermediate,School/Uni,Self Study,I am a teacher and I am learning English so that I can teach my students. I am also interested in traveling to England.,
82,jenniferhernandez,45-55,Advanced,Skill,Live Class,I am a business woman and I am learning English so that I can improve my career prospects. I am also interested in traveling to the United States.,
83,williamdavis,55-65,Begginer,Career,Mix,I am a doctor and I am learning English so that I can communicate with my patients. I am also interested in traveling to the United States.,
84,elizabethwilliams,65,Intermediate,Social,Self Study,I am a retired nurse and I am learning English so that I can make friends with people from other countries. I am also interested in traveling to Europe.,
85,josephbrown,18-24,Advanced Intermediate,Other,Live Class,I am a student at the university of California, Berkeley. I am majoring in linguistics and I am interested in learning English so that I can work as a translator.
86,emilyjones,24-35,Begginer,Hobby,Mix,I am a stay-at-home mom and I am learning English so that I can read English books to my children. I am also interested in traveling to the United States.,
87,michaelwilson,35-45,Intermediate,School/Uni,Self Study,I am a teacher and I am learning English so that I can teach my students. I am also interested in traveling to England.,
88,jessicahernandez,45-55,Advanced,Skill,Live Class,I am a business woman and I am learning English so that I can improve my career prospects. I am also interested in traveling to the United States.,
89,danieldavis,55-65,Begginer,Career,Mix,I am a doctor and I am learning English so that I can communicate with my patients. I am also interested in traveling to the United States.,
90,rebeccaknight,65,Intermediate,Social,Self Study,I am a retired nurse and I am learning English so that I can make friends with people from other countries. I am also interested in traveling to Europe.,
91,jamesbrown,18-24,Advanced Intermediate,Other,Live Class,I am a student at the university of California, Berkeley. I am majoring in linguistics and I am interested in learning English so that I can work as a translator.
92,michellejones,24-35,Begginer,Hobby,Mix,I am a stay-at-home mom and I am learning English so that I can read English books to my children. I am also interested in traveling to the United States.,
93,andrewlee,35-45,Intermediate,School/Uni,Self Study,I am a teacher and I am learning English so that I can teach my students. I am also interested in traveling to England.,
94,kristinhernandez,45-55,Advanced,Skill,Live Class,I am a business woman and I am learning English so that I can improve my career prospects. I am also interested in traveling to the United States.,
95,frankdavis,55-65,Begginer,Career,Mix,I am a doctor and I am learning English so that I can communicate with my patients. I am also interested in traveling to the United States.,
96,susannawilliams,65,Intermediate,Social,Self Study,I am a retired nurse and I am learning English so that I can make friends with people from other countries. I am also interested in traveling to Europe.,
97,davidbrown,18-24,Advanced Intermediate,Other,Live Class,I am a student at the university of California, Berkeley. I am majoring in linguistics and I am interested in learning English so that I can work as a translator.
98,sarahjones,24-35,Begginer,Hobby,Mix,I am a stay-at-home mom and I am learning English so that I can read English books to my children. I am also interested in traveling to the United States.,
99,markwilson,35-45,Intermediate,School/Uni,Self Study,I am a teacher and I am learning English so that I can teach my students. I am also interested in traveling to England.,
102,elizabethwilliams,65,Intermediate,Social,Self Study,I am a retired nurse and I am learning English so that I can make friends with people from other countries. I am also interested in traveling to Europe.,
103,josephbrown,18-24,Advanced Intermediate,Other,Live Class,I am a student at the university of California, Berkeley. I am majoring in linguistics and I am interested in learning English so that I can work as a translator.
104,emilyjones,24-35,Begginer,Hobby,Mix,I am a stay-at-home mom and I am learning English so that I can read English books to my children. I am also interested in traveling to the United States.,
105,michaelwilson,35-45,Intermediate,School/Uni,Self Study,I am a teacher and I am learning English so that I can teach my students. I am also interested in traveling to England.,
106,jessicahernandez,45-55,Advanced,Skill,Live Class,I am a business woman and I am learning English so that I can improve my career prospects. I am also interested in traveling to the United States.,
107,danieldavis,55-65,Begginer,Career,Mix,I am a doctor and I am learning English so that I can communicate with my patients. I am also interested in traveling to the United States.,
108,rebeccaknight,65,Intermediate,Social,Self Study,I am a retired nurse and I am learning English so that I can make friends with people from other countries. I am also interested in traveling to Europe.,
109,jamesbrown,18-24,Advanced Intermediate,Other,Live Class,I am a student at the university of California, Berkeley. I am majoring in linguistics and I am interested in learning English so that I can work as a translator.
110,michellejones,24-35,Begginer,Hobby,Mix,I am a stay-at-home mom and I am learning English so that I can read English books to my children. I am also interested in traveling to the United States.,
111,andrewlee,35-45,Intermediate,School/Uni,Self Study,I am a teacher and I am learning English so that I can teach my students. I am also interested in traveling to England.,
112,kristinhernandez,45-55,Advanced,Skill,Live Class,I am a business woman and I am learning English so that I can improve my career prospects. I am also interested in traveling to the United States.,
113,frankdavis,55-65,Begginer,Career,Mix,I am a doctor and I am learning English so that I can communicate with my patients. I am also interested in traveling to the United States.,
114,susannawilliams,65,Intermediate,Social,Self Study,I am a retired nurse and I am learning English so that I can make friends with people from other countries. I am also interested in traveling to Europe.,
115,davidbrown,18-24,Advanced Intermediate,Other,Live Class,I am a student at the university of California, Berkeley. I am majoring in linguistics and I am interested in learning English so that I can work as a translator.
116,sarahjones,24-35,Begginer,Hobby,Mix,I am a stay-at-home mom and I am learning English so that I can read English books to my children. I am also interested in traveling to the United States.,
117,markwilson,35-45,Intermediate,School/Uni,Self Study,I am a teacher and I am learning English so that I can teach my students. I am also interested in traveling to England.,
118,jenniferhernandez,45-55,Advanced,Skill,Live Class,I am a business woman and I am learning English so that I can improve my career prospects. I am also interested in traveling to the United States.,
119,williamdavis,55-65,Begginer,Career,Mix,I am a doctor and I am learning English so that I can communicate with my patients. I am also interested in traveling to the United States.,
120,elizabethwilliams,65,Intermediate,Social,Self Study,I am a retired nurse and I am learning English so that I can make friends with people from other countries. I am also interested in traveling to Europe.,
121,josephbrown,18-24,Advanced Intermediate,Other,Live Class,I am a student at the university of California, Berkeley. I am majoring in linguistics and I am interested in learning English so that I can work as a translator.
122,emilyjones,24-35,Begginer,Hobby,Mix,I am a stay-at-home mom and I am learning English so that I can read English books to my children. I am also interested in traveling to the United States.,
123,michaelwilson,35-45,Intermediate,School/Uni,Self Study,I am a teacher and I am learning English so that I can teach my students. I am also interested in traveling to England.,
124,jessicahernandez,45-55,Advanced,Skill,Live Class,I am a business woman and I am learning English so that I can improve my career prospects. I am also interested in traveling to the United States.,
127,jamesbrown,18-24,Advanced Intermediate,Other,Live Class,I am a student at the university of California, Berkeley. I am majoring in linguistics and I am interested in learning English so that I can work as a translator.
128,michellejones,24-35,Begginer,Hobby,Mix,I am a stay-at-home mom and I am learning English so that I can read English books to my children. I am also interested in traveling to the United States.,
129,andrewlee,35-45,Intermediate,School/Uni,Self Study,I am a teacher and I am learning English so that I can teach my students. I am also interested in traveling to England.,
130,kristinhernandez,45-55,Advanced,Skill,Live Class,I am a business woman and I am learning English so that I can improve my career prospects. I am also interested in traveling to the United States.,
131,frankdavis,55-65,Begginer,Career,Mix,I am a doctor and I am learning English so that I can communicate with my patients. I am also interested in traveling to the United States.,
132,susannawilliams,65,Intermediate,Social,Self Study,I am a retired nurse and I am learning English so that I can make friends with people from other countries. I am also interested in traveling to Europe.,
133,davidbrown,18-24,Advanced Intermediate,Other,Live Class,I am a student at the university of California, Berkeley. I am majoring in linguistics and I am interested in learning English so that I can work as a translator.
134,sarahjones,24-35,Begginer,Hobby,Mix,I am a stay-at-home mom and I am learning English so that I can read English books to my children. I am also interested in traveling to the United States.,
135,markwilson,35-45,Intermediate,School/Uni,Self Study,I am a teacher and I am learning English so that I can teach my students. I am also interested in traveling to England.,
136,jenniferhernandez,45-55,Advanced,Skill,Live Class,I am a business woman and I am learning English so that I can improve my career prospects. I am also interested in traveling to the United States.,
137,williamdavis,55-65,Begginer,Career,Mix,I am a doctor and I am learning English so that I can communicate with my patients. I am also interested in traveling to the United States.,
138,elizabethwilliams,65,Intermediate,Social,Self Study,I am a retired nurse and I am learning English so that I can make friends with people from other countries. I am also interested in traveling to Europe.,
139,josephbrown,18-24,Advanced Intermediate,Other,Live Class,I am a student at the university of California, Berkeley. I am majoring in linguistics and I am interested in learning English so that I can work as a translator.
140,emilyjones,24-35,Begginer,Hobby,Mix,I am a stay-at-home mom and I am learning English so that I can read English books to my children. I am also interested in traveling to the United States.,
141,michaelwilson,35-45,Intermediate,School/Uni,Self Study,I am a teacher and I am learning English so that I can teach my students. I am also interested in traveling to England.,
142,jessicahernandez,45-55,Advanced,Skill,Live Class,I am a business woman and I am learning English so that I can improve my career prospects. I am also interested in traveling to the United States.,
143,danieldavis,55-65,Begginer,Career,Mix,I am a doctor and I am learning English so that I can communicate with my patients. I am also interested in traveling to the United States.,
144,rebeccaknight,65,Intermediate,Social,Self Study,I am a retired nurse and I am learning English so that I can make friends with people from other countries. I am also interested in traveling to Europe.,
145,jamesbrown,18-24,Advanced Intermediate,Other,Live Class,I am a student at the university of California, Berkeley. I am majoring in linguistics and I am interested in learning English so that I can work as a translator.
146,michellejones,24-35,Begginer,Hobby,Mix,I am a stay-at-home mom and I am learning English so that I can read English books to my children. I am also interested in traveling to the United States.,
147,andrewlee,35-45,Intermediate,School/Uni,Self Study,I am a teacher and I am learning English so that I can teach my students. I am also interested in traveling to England.,
148,kristinhernandez,45-55,Advanced,Skill,Live Class,I am a business woman and I am learning English so that I can improve my career prospects. I am also interested in traveling to the United States.,
149,frankdavis,55-65,Begginer,Career,Mix,I am a doctor and I am learning English so that I can communicate with my patients. I am also interested in traveling to the United States.,
152,sarahjones,24-35,Begginer,Hobby,Mix,I am a stay-at-home mom and I am learning English so that I can read English books to my children. I am also interested in traveling to the United States.,
153,markwilson,35-45,Intermediate,School/Uni,Self Study,I am a teacher and I am learning English so that I can teach my students. I am also interested in traveling to England.,
154,jenniferhernandez,45-55,Advanced,Skill,Live Class,I am a business woman and I am learning English so that I can improve my career prospects. I am also interested in traveling to the United States.,
155,williamdavis,55-65,Begginer,Career,Mix,I am a doctor and I am learning English so that I can communicate with my patients. I am also interested in traveling to the United States.,
156,elizabethwilliams,65,Intermediate,Social,Self Study,I am a retired nurse and I am learning English so that I can make friends with people from other countries. I am also interested in traveling to Europe.,
157,josephbrown,18-24,Advanced Intermediate,Other,Live Class,I am a student at the university of California, Berkeley. I am majoring in linguistics and I am interested in learning English so that I can work as a translator.
158,emilyjones,24-35,Begginer,Hobby,Mix,I am a stay-at-home mom and I am learning English so that I can read English books to my children. I am also interested in traveling to the United States.,
159,michaelwilson,35-45,Intermediate,School/Uni,Self Study,I am a teacher and I am learning English so that I can teach my students. I am also interested in traveling to England.,
160,jessicahernandez,45-55,Advanced,Skill,Live Class,I am a business woman and I am learning English so that I can improve my career prospects. I am also interested in traveling to the United States.,
161,danieldavis,55-65,Begginer,Career,Mix,I am a doctor and I am learning English so that I can communicate with my patients. I am also interested in traveling to the United States.,
162,rebeccaknight,65,Intermediate,Social,Self Study,I am a retired nurse and I am learning English so that I can make friends with people from other countries. I am also interested in traveling to Europe.,
163,jamesbrown,18-24,Advanced Intermediate,Other,Live Class,I am a student at the university of California, Berkeley. I am majoring in linguistics and I am interested in learning English so that I can work as a translator.
164,michellejones,24-35,Begginer,Hobby,Mix,I am a stay-at-home mom and I am learning English so that I can read English books to my children. I am also interested in traveling to the United States.,
165,andrewlee,35-45,Intermediate,School/Uni,Self Study,I am a teacher and I am learning English so that I can teach my students. I am also interested in traveling to England.,
166,kristinhernandez,45-55,Advanced,Skill,Live Class,I am a business woman and I am learning English so that I can improve my career prospects. I am also interested in traveling to the United States.,
167,frankdavis,55-65,Begginer,Career,Mix,I am a doctor and I am learning English so that I can communicate with my patients. I am also interested in traveling to the United States.,
168,susannawilliams,65,Intermediate,Social,Self Study,I am a retired nurse and I am learning English so that I can make friends with people from other countries. I am also interested in traveling to Europe.,
169,davidbrown,18-24,Advanced Intermediate,Other,Live Class,I am a student at the university of California, Berkeley. I am majoring in linguistics and I am interested in learning English so that I can work as a translator.
170,sarahjones,24-35,Begginer,Hobby,Mix,I am a stay-at-home mom and I am learning English so that I can read English books to my children. I am also interested in traveling to the United States.,
171,markwilson,35-45,Intermediate,School/Uni,Self Study,I am a teacher and I am learning English so that I can teach my students. I am also interested in traveling to England.,
172,jenniferhernandez,45-55,Advanced,Skill,Live Class,I am a business woman and I am learning English so that I can improve my career prospects. I am also interested in traveling to the United States.,
173,williamdavis,55-65,Begginer,Career,Mix,I am a doctor and I am learning English so that I can communicate with my patients. I am also interested in traveling to the United States.,
174,elizabethwilliams,65,Intermediate,Social,Self Study,I am a retired nurse and I am learning English so that I can make friends with people from other countries. I am also interested in traveling to Europe.,
177,michaelwilson,35-45,Intermediate,School/Uni,Self Study,I am a teacher and I am learning English so that I can teach my students. I am also interested in traveling to England.,
178,jessicahernandez,45-55,Advanced,Skill,Live Class,I am a business woman and I am learning English so that I can improve my career prospects. I am also interested in traveling to the United States.,
179,danieldavis,55-65,Begginer,Career,Mix,I am a doctor and I am learning English so that I can communicate with my patients. I am also interested in traveling to the United States.,
180,rebeccaknight,65,Intermediate,Social,Self Study,I am a retired nurse and I am learning English so that I can make friends with people from other countries. I am also interested in traveling to Europe.,
181,jamesbrown,18-24,Advanced Intermediate,Other,Live Class,I am a student at the university of California, Berkeley. I am majoring in linguistics and I am interested in learning English so that I can work as a translator.
182,michellejones,24-35,Begginer,Hobby,Mix,I am a stay-at-home mom and I am learning English so that I can read English books to my children. I am also interested in traveling to the United States.,
183,andrewlee,35-45,Intermediate,School/Uni,Self Study,I am a teacher and I am learning English so that I can teach my students. I am also interested in traveling to England.,
184,kristinhernandez,45-55,Advanced,Skill,Live Class,I am a business woman and I am learning English so that I can improve my career prospects. I am also interested in traveling to the United States.,
185,frankdavis,55-65,Begginer,Career,Mix,I am a doctor and I am learning English so that I can communicate with my patients. I am also interested in traveling to the United States.,
186,susannawilliams,65,Intermediate,Social,Self Study,I am a retired nurse and I am learning English so that I can make friends with people from other countries. I am also interested in traveling to Europe.,
187,davidbrown,18-24,Advanced Intermediate,Other,Live Class,I am a student at the university of California, Berkeley. I am majoring in linguistics and I am interested in learning English so that I can work as a translator.
188,sarahjones,24-35,Begginer,Hobby,Mix,I am a stay-at-home mom and I am learning English so that I can read English books to my children. I am also interested in traveling to the United States.,
189,markwilson,35-45,Intermediate,School/Uni,Self Study,I am a teacher and I am learning English so that I can teach my students. I am also interested in traveling to England.,
190,jenniferhernandez,45-55,Advanced,Skill,Live Class,I am a business woman and I am learning English so that I can improve my career prospects. I am also interested in traveling to the United States.,
191,williamdavis,55-65,Begginer,Career,Mix,I am a doctor and I am learning English so that I can communicate with my patients. I am also interested in traveling to the United States.,
192,elizabethwilliams,65,Intermediate,Social,Self Study,I am a retired nurse and I am learning English so that I can make friends with people from other countries. I am also interested in traveling to Europe.,
193,josephbrown,18-24,Advanced Intermediate,Other,Live Class,I am a student at the university of California, Berkeley. I am majoring in linguistics and I am interested in learning English so that I can work as a translator.
194,emilyjones,24-35,Begginer,Hobby,Mix,I am a stay-at-home mom and I am learning English so that I can read English books to my children. I am also interested in traveling to the United States.,
195,michaelwilson,35-45,Intermediate,School/Uni,Self Study,I am a teacher and I am learning English so that I can teach my students. I am also interested in traveling to England.,
196,jessicahernandez,45-55,Advanced,Skill,Live Class,I am a business woman and I am learning English so that I can improve my career prospects. I am also interested in traveling to the United States.,
197,danieldavis,55-65,Begginer,Career,Mix,I am a doctor and I am learning English so that I can communicate with my patients. I am also interested in traveling to the United States.,
198,rebeccaknight,65,Intermediate,Social,Self Study,I am a retired nurse and I am learning English so that I can make friends with people from other countries. I am also interested in traveling to Europe.,
199,jamesbrown,18-24,Advanced Intermediate,Other,Live Class,I am a student at the university of California, Berkeley. I am majoring in linguistics and I am interested in learning English so that I can work as a translator.
202,kristinhernandez,45-55,Advanced,Skill,Live Class,I am a business woman and I am learning English so that I can improve my career prospects. I am also interested in traveling to the United States.,
203,frankdavis,55-65,Begginer,Career,Mix,I am a doctor and I am learning English so that I can communicate with my patients. I am also interested in traveling to the United States.,
204,susannawilliams,65,Intermediate,Social,Self Study,I am a retired nurse and I am learning English so that I can make friends with people from other countries. I am also interested in traveling to Europe.,
205,davidbrown,18-24,Advanced Intermediate,Other,Live Class,I am a student at the university of California, Berkeley. I am majoring in linguistics and I am interested in learning English so that I can work as a translator.
206,sarahjones,24-35,Begginer,Hobby,Mix,I am a stay-at-home mom and I am learning English so that I can read English books to my children. I am also interested in traveling to the United States.,
207,markwilson,35-45,Intermediate,School/Uni,Self Study,I am a teacher and I am learning English so that I can teach my students. I am also interested in traveling to England.,
208,jenniferhernandez,45-55,Advanced,Skill,Live Class,I am a business woman and I am learning English so that I can improve my career prospects. I am also interested in traveling to the United States.,
209,williamdavis,55-65,Begginer,Career,Mix,I am a doctor and I am learning English so that I can communicate with my patients. I am also interested in traveling to the United States.,
210,elizabethwilliams,65,Intermediate,Social,Self Study,I am a retired nurse and I am learning English so that I can make friends with people from other countries. I am also interested in traveling to Europe.,
211,josephbrown,18-24,Advanced Intermediate,Other,Live Class,I am a student at the university of California, Berkeley. I am majoring in linguistics and I am interested in learning English so that I can work as a translator.
212,emilyjones,24-35,Begginer,Hobby,Mix,I am a stay-at-home mom and I am learning English so that I can read English books to my children. I am also interested in traveling to the United States.,
213,michaelwilson,35-45,Intermediate,School/Uni,Self Study,I am a teacher and I am learning English so that I can teach my students. I am also interested in traveling to England.,
214,jessicahernandez,45-55,Advanced,Skill,Live Class,I am a business woman and I am learning English so that I can improve my career prospects. I am also interested in traveling to the United States.,
215,danieldavis,55-65,Begginer,Career,Mix,I am a doctor and I am learning English so that I can communicate with my patients. I am also interested in traveling to the United States.,
216,rebeccaknight,65,Intermediate,Social,Self Study,I am a retired nurse and I am learning English so that I can make friends with people from other countries. I am also interested in traveling to Europe.,
217,jamesbrown,18-24,Advanced Intermediate,Other,Live Class,I am a student at the university of California, Berkeley. I am majoring in linguistics and I am interested in learning English so that I can work as a translator.
218,michellejones,24-35,Begginer,Hobby,Mix,I am a stay-at-home mom and I am learning English so that I can read English books to my children. I am also interested in traveling to the United States.,
219,andrewlee,35-45,Intermediate,School/Uni,Self Study,I am a teacher and I am learning English so that I can teach my students. I am also interested in traveling to England.,
220,kristinhernandez,45-55,Advanced,Skill,Live Class,I am a business woman and I am learning English so that I can improve my career prospects. I am also interested in traveling to the United States.,
221,frankdavis,55-65,Begginer,Career,Mix,I am a doctor and I am learning English so that I can communicate with my patients. I am also interested in traveling to the United States.,
222,susannawilliams,65,Intermediate,Social,Self Study,I am a retired nurse and I am learning English so that I can make friends with people from other countries. I am also interested in traveling to Europe.,
223,davidbrown,18-24,Advanced Intermediate,Other,Live Class,I am a student at the university of California, Berkeley. I am majoring in linguistics and I am interested in learning English so that I can work as a translator.
224,sarahjones,24-35,Begginer,Hobby,Mix,I am a stay-at-home mom and I am learning English so that I can read English books to my children. I am also interested in traveling to the United States.,
227,williamdavis,55-65,Begginer,Career,Mix,I am a doctor and I am learning English so that I can communicate with my patients. I am also interested in traveling to the United States.,
228,elizabethwilliams,65,Intermediate,Social,Self Study,I am a retired nurse and I am learning English so that I can make friends with people from other countries. I am also interested in traveling to Europe.,
229,josephbrown,18-24,Advanced Intermediate,Other,Live Class,I am a student at the university of California, Berkeley. I am majoring in linguistics and I am interested in learning English so that I can work as a translator.
230,emilyjones,24-35,Begginer,Hobby,Mix,I am a stay-at-home mom and I am learning English so that I can read English books to my children. I am also interested in traveling to the United States.,
231,michaelwilson,35-45,Intermediate,School/Uni,Self Study,I am a teacher and I am learning English so that I can teach my students. I am also interested in traveling to England.,
232,jessicahernandez,45-55,Advanced,Skill,Live Class,I am a business woman and I am learning English so that I can improve my career prospects. I am also interested in traveling to the United States.,
233,danieldavis,55-65,Begginer,Career,Mix,I am a doctor and I am learning English so that I can communicate with my patients. I am also interested in traveling to the United States.,
234,rebeccaknight,65,Intermediate,Social,Self Study,I am a retired nurse and I am learning English so that I can make friends with people from other countries. I am also interested in traveling to Europe.,
235,jamesbrown,18-24,Advanced Intermediate,Other,Live Class,I am a student at the university of California, Berkeley. I am majoring in linguistics and I am interested in learning English so that I can work as a translator.
236,michellejones,24-35,Begginer,Hobby,Mix,I am a stay-at-home mom and I am learning English so that I can read English books to my children. I am also interested in traveling to the United States.,
237,andrewlee,35-45,Intermediate,School/Uni,Self Study,I am a teacher and I am learning English so that I can teach my students. I am also interested in traveling to England.,
238,kristinhernandez,45-55,Advanced,Skill,Live Class,I am a business woman and I am learning English so that I can improve my career prospects. I am also interested in traveling to the United States.,
239,frankdavis,55-65,Begginer,Career,Mix,I am a doctor and I am learning English so that I can communicate with my patients. I am also interested in traveling to the United States.,
240,susannawilliams,65,Intermediate,Social,Self Study,I am a retired nurse and I am learning English so that I can make friends with people from other countries. I am also interested in traveling to Europe.,
241,davidbrown,18-24,Advanced Intermediate,Other,Live Class,I am a student at the university of California, Berkeley. I am majoring in linguistics and I am interested in learning English so that I can work as a translator.
242,sarahjones,24-35,Begginer,Hobby,Mix,I am a stay-at-home mom and I am learning English so that I can read English books to my children. I am also interested in traveling to the United States.,
243,markwilson,35-45,Intermediate,School/Uni,Self Study,I am a teacher and I am learning English so that I can teach my students. I am also interested in traveling to England.,
244,jenniferhernandez,45-55,Advanced,Skill,Live Class,I am a business woman and I am learning English so that I can improve my career prospects. I am also interested in traveling to the United States.,
245,williamdavis,55-65,Begginer,Career,Mix,I am a doctor and I am learning English so that I can communicate with my patients. I am also interested in traveling to the United States.,
246,elizabethwilliams,65,Intermediate,Social,Self Study,I am a retired nurse and I am learning English so that I can make friends with people from other countries. I am also interested in traveling to Europe.,
247,josephbrown,18-24,Advanced Intermediate,Other,Live Class,I am a student at the university of California, Berkeley. I am majoring in linguistics and I am interested in learning English so that I can work as a translator.
248,emilyjones,24-35,Begginer,Hobby,Mix,I am a stay-at-home mom and I am learning English so that I can read English books to my children. I am also interested in traveling to the United States.,
249,michaelwilson,35-45,Intermediate,School/Uni,Self Study,I am a teacher and I am learning English so that I can teach my students. I am also interested in traveling to England.,
252,rebeccaknight,65,Intermediate,Social,Self Study,I am a retired nurse and I am learning English so that I can make friends with people from other countries. I am also interested in traveling to Europe.,
253,jamesbrown,18-24,Advanced Intermediate,Other,Live Class,I am a student at the university of California, Berkeley. I am majoring in linguistics and I am interested in learning English so that I can work as a translator.
254,michellejones,24-35,Begginer,Hobby,Mix,I am a stay-at-home mom and I am learning English so that I can read English books to my children. I am also interested in traveling to the United States.,
255,andrewlee,35-45,Intermediate,School/Uni,Self Study,I am a teacher and I am learning English so that I can teach my students. I am also interested in traveling to England.,
256,kristinhernandez,45-55,Advanced,Skill,Live Class,I am a business woman and I am learning English so that I can improve my career prospects. I am also interested in traveling to the United States.,
257,frankdavis,55-65,Begginer,Career,Mix,I am a doctor and I am learning English so that I can communicate with my patients. I am also interested in traveling to the United States.,
258,susannawilliams,65,Intermediate,Social,Self Study,I am a retired nurse and I am learning English so that I can make friends with people from other countries. I am also interested in traveling to Europe.,
259,davidbrown,18-24,Advanced Intermediate,Other,Live Class,I am a student at the university of California, Berkeley. I am majoring in linguistics and I am interested in learning English so that I can work as a translator.
260,sarahjones,24-35,Begginer,Hobby,Mix,I am a stay-at-home mom and I am learning English so that I can read English books to my children. I am also interested in traveling to the United States.,
261,markwilson,35-45,Intermediate,School/Uni,Self Study,I am a teacher and I am learning English so that I can teach my students. I am also interested in traveling to England.,
262,jenniferhernandez,45-55,Advanced,Skill,Live Class,I am a business woman and I am learning English so that I can improve my career prospects. I am also interested in traveling to the United States.,
263,williamdavis,55-65,Begginer,Career,Mix,I am a doctor and I am learning English so that I can communicate with my patients. I am also interested in traveling to the United States.,
264,elizabethwilliams,65,Intermediate,Social,Self Study,I am a retired nurse and I am learning English so that I can make friends with people from other countries. I am also interested in traveling to Europe.,
265,josephbrown,18-24,Advanced Intermediate,Other,Live Class,I am a student at the university of California, Berkeley. I am majoring in linguistics and I am interested in learning English so that I can work as a translator.
266,emilyjones,24-35,Begginer,Hobby,Mix,I am a stay-at-home mom and I am learning English so that I can read English books to my children. I am also interested in traveling to the United States.,
267,michaelwilson,35-45,Intermediate,School/Uni,Self Study,I am a teacher and I am learning English so that I can teach my students. I am also interested in traveling to England.,
268,jessicahernandez,45-55,Advanced,Skill,Live Class,I am a business woman and I am learning English so that I can improve my career prospects. I am also interested in traveling to the United States.,
269,danieldavis,55-65,Begginer,Career,Mix,I am a doctor and I am learning English so that I can communicate with my patients. I am also interested in traveling to the United States.,
270,rebeccaknight,65,Intermediate,Social,Self Study,I am a retired nurse and I am learning English so that I can make friends with people from other countries. I am also interested in traveling to Europe.,
271,jamesbrown,18-24,Advanced Intermediate,Other,Live Class,I am a student at the university of California, Berkeley. I am majoring in linguistics and I am interested in learning English so that I can work as a translator.
272,michellejones,24-35,Begginer,Hobby,Mix,I am a stay-at-home mom and I am learning English so that I can read English books to my children. I am also interested in traveling to the United States.,
273,andrewlee,35-45,Intermediate,School/Uni,Self Study,I am a teacher and I am learning English so that I can teach my students. I am also interested in traveling to England.,
274,kristinhernandez,45-55,Advanced,Skill,Live Class,I am a business woman and I am learning English so that I can improve my career prospects. I am also interested in traveling to the United States.,
277,davidbrown,18-24,Advanced Intermediate,Other,Live Class,I am a student at the university of California, Berkeley. I am majoring in linguistics and I am interested in learning English so that I can work as a translator.
278,sarahjones,24-35,Begginer,Hobby,Mix,I am a stay-at-home mom and I am learning English so that I can read English books to my children. I am also interested in traveling to the United States.,
279,markwilson,35-45,Intermediate,School/Uni,Self Study,I am a teacher and I am learning English so that I can teach my students. I am also interested in traveling to England.,
280,jenniferhernandez,45-55,Advanced,Skill,Live Class,I am a business woman and I am learning English so that I can improve my career prospects. I am also interested in traveling to the United States.,
281,williamdavis,55-65,Begginer,Career,Mix,I am a doctor and I am learning English so that I can communicate with my patients. I am also interested in traveling to the United States.,
282,elizabethwilliams,65,Intermediate,Social,Self Study,I am a retired nurse and I am learning English so that I can make friends with people from other countries. I am also interested in traveling to Europe.,
283,josephbrown,18-24,Advanced Intermediate,Other,Live Class,I am a student at the university of California, Berkeley. I am majoring in linguistics and I am interested in learning English so that I can work as a translator.
284,emilyjones,24-35,Begginer,Hobby,Mix,I am a stay-at-home mom and I am learning English so that I can read English books to my children. I am also interested in traveling to the United States.,
285,michaelwilson,35-45,Intermediate,School/Uni,Self Study,I am a teacher and I am learning English so that I can teach my students. I am also interested in traveling to England.,
286,jessicahernandez,45-55,Advanced,Skill,Live Class,I am a business woman and I am learning English so that I can improve my career prospects. I am also interested in traveling to the United States.,
287,danieldavis,55-65,Begginer,Career,Mix,I am a doctor and I am learning English so that I can communicate with my patients. I am also interested in traveling to the United States.,
288,rebeccaknight,65,Intermediate,Social,Self Study,I am a retired nurse and I am learning English so that I can make friends with people from other countries. I am also interested in traveling to Europe.,
289,jamesbrown,18-24,Advanced Intermediate,Other,Live Class,I am a student at the university of California, Berkeley. I am majoring in linguistics and I am interested in learning English so that I can work as a translator.
290,michellejones,24-35,Begginer,Hobby,Mix,I am a stay-at-home mom and I am learning English so that I can read English books to my children. I am also interested in traveling to the United States.,
291,andrewlee,35-45,Intermediate,School/Uni,Self Study,I am a teacher and I am learning English so that I can teach my students. I am also interested in traveling to England.,
292,kristinhernandez,45-55,Advanced,Skill,Live Class,I am a business woman and I am learning English so that I can improve my career prospects. I am also interested in traveling to the United States.,
293,frankdavis,55-65,Begginer,Career,Mix,I am a doctor and I am learning English so that I can communicate with my patients. I am also interested in traveling to the United States.,
294,susannawilliams,65,Intermediate,Social,Self Study,I am a retired nurse and I am learning English so that I can make friends with people from other countries. I am also interested in traveling to Europe.,
295,davidbrown,18-24,Advanced Intermediate,Other,Live Class,I am a student at the university of California, Berkeley. I am majoring in linguistics and I am interested in learning English so that I can work as a translator.
296,sarahjones,24-35,Begginer,Hobby,Mix,I am a stay-at-home mom and I am learning English so that I can read English books to my children. I am also interested in traveling to the United States.,
297,markwilson,35-45,Intermediate,School/Uni,Self Study,I am a teacher and I am learning English so that I can teach my students. I am also interested in traveling to England.,
298,jenniferhernandez,45-55,Advanced,Skill,Live Class,I am a business woman and I am learning English so that I can improve my career prospects. I am also interested in traveling to the United States.,
299,williamdavis,55-65,Begginer,Career,Mix,I am a doctor and I am learning English so that I can communicate with my patients. I am also interested in traveling to the United States.,
302,emilyjones,24-35,Begginer,Hobby,Mix,I am a stay-at-home mom and I am learning English so that I can read English books to my children. I am also interested in traveling to the United States. My favorite hobby is cooking and I also enjoy spending time with my family.,
303,michaelwilson,35-45,Intermediate,School/Uni,Self Study,I am a teacher and I am learning English so that I can teach my students. I am also interested in traveling to England. My favorite sport is tennis and I also enjoy reading.,
304,jessicahernandez,45-55,Advanced,Skill,Live Class,I am a business woman and I am learning English so that I can improve my career prospects. I am also interested in traveling to the United States. My favorite hobby is painting and I also enjoy spending time with my friends.,
305,danieldavis,55-65,Begginer,Career,Mix,I am a doctor and I am learning English so that I can communicate with my patients. I am also interested in traveling to the United States. My favorite sport is golf and I also enjoy fishing.,
306,rebeccaknight,65,Intermediate,Social,Self Study,I am a retired nurse and I am learning English so that I can make friends with people from other countries. I am also interested in traveling to Europe. ,
307,jamesbrown,18-24,Advanced Intermediate,Other,Live Class,I am a student at the university of California, Berkeley. I am majoring in linguistics and I am interested in learning English so that I can work as a translator. My favorite sport is basketball and I also enjoy playing the guitar.
308,michellejones,24-35,Begginer,Hobby,Mix,I am a stay-at-home mom and I am learning English so that I can read English books to my children. I am also interested in traveling to the United States. My favorite hobby is gardening and I also enjoy spending time with my family.,
309,andrewlee,35-45,Intermediate,School/Uni,Self Study,I am a teacher and I am learning English so that I can teach my students. I am also interested in traveling to England. My favorite sport is soccer and I also enjoy playing the piano.,
310,kristinhernandez,45-55,Advanced,Skill,Live Class,I am a business woman and I am learning English so that I can improve my career prospects. I am also interested in traveling to the United States. ,
311,frankdavis,55-65,Begginer,Career,Mix,I am a doctor and I am learning English so that I can communicate with my patients. I am also interested in traveling to the United States. My favorite sport is tennis and I also enjoy playing golf.,
312,susannawilliams,65,Intermediate,Social,Self Study,I am a retired nurse and I am learning English so that I can make friends with people from other countries. I am also interested in traveling to Europe. My favorite hobby is knitting and I also enjoy spending time with my grandchildren.,
313,davidbrown,18-24,Advanced Intermediate,Other,Live Class,I am a student at the university of California, Berkeley. I am majoring in linguistics and I am interested in learning English so that I can work as a translator. My favorite sport is swimming and I also enjoy playing video games.
314,sarahjones,24-35,Begginer,Hobby,Mix,I am a stay-at-home mom and I am learning English so that I can read English books to my children. I am also interested in traveling to the United States. My favorite hobby is cooking and I also enjoy spending time with my family.,
315,markwilson,35-45,Intermediate,School/Uni,Self Study,I am a teacher and I am learning English so that I can teach my students. I am also interested in traveling to England. My favorite sport is soccer and I also enjoy reading.,
316,jenniferhernandez,45-55,Advanced,Skill,Live Class,I am a business woman and I am learning English so that I can improve my career prospects. I am also interested in traveling to the United States. My favorite hobby is painting and I also enjoy spending time with my friends.,
317,williamdavis,55-65,Begginer,Career,Mix,I am a doctor and I am learning English so that I can communicate with my patients. I am also interested in traveling to the United States. My favorite sport is golf and I also enjoy fishing.,
318,elizabethwilliams,65,Intermediate,Social,Self Study,I am a retired nurse and I am learning English so that I can make friends with people from other countries. I am also interested in traveling to Europe. ,
319,josephbrown,18-24,Advanced Intermediate,Other,Live Class,I am a student at the university of California, Berkeley. I am majoring in linguistics and I am interested in learning English so that I can work as a translator. My favorite sport is basketball and I also enjoy playing the guitar.
322,jessicahernandez,45-55,Advanced,Skill,Live Class,I am a business woman and I am learning English so that I can improve my career prospects. I am also interested in traveling to the United States. My favorite hobby is painting and I also enjoy spending time with my friends.,
323,danieldavis,55-65,Begginer,Career,Mix,I am a doctor and I am learning English so that I can communicate with my patients. I am also interested in traveling to the United States. My favorite sport is golf and I also enjoy fishing.,
324,rebeccaknight,65,Intermediate,Social,Self Study,I am a retired nurse and I am learning English so that I can make friends with people from other countries. I am also interested in traveling to Europe. ,
325,jamesbrown,18-24,Advanced Intermediate,Other,Live Class,I am a student at the university of California, Berkeley. I am majoring in linguistics and I am interested in learning English so that I can work as a translator. My favorite sport is basketball and I also enjoy playing the guitar.
326,michellejones,24-35,Begginer,Hobby,Mix,I am a stay-at-home mom and I am learning English so that I can read English books to my children. I am also interested in traveling to the United States. My favorite hobby is gardening and I also enjoy spending time with my family.,
327,andrewlee,35-45,Intermediate,School/Uni,Self Study,I am a teacher and I am learning English so that I can teach my students. I am also interested in traveling to England. My favorite sport is soccer and I also enjoy playing the piano.,
328,kristinhernandez,45-55,Advanced,Skill,Live Class,I am a business woman and I am learning English so that I can improve my career prospects. I am also interested in traveling to the United States. ,
329,frankdavis,55-65,Begginer,Career,Mix,I am a doctor and I am learning English so that I can communicate with my patients. I am also interested in traveling to the United States. My favorite sport is tennis and I also enjoy playing golf.,
330,susannawilliams,65,Intermediate,Social,Self Study,I am a retired nurse and I am learning English so that I can make friends with people from other countries. I am also interested in traveling to Europe. My favorite hobby is knitting and I also enjoy spending time with my grandchildren.,
331,davidbrown,18-24,Advanced Intermediate,Other,Live Class,I am a student at the university of California, Berkeley. I am majoring in linguistics and I am interested in learning English so that I can work as a translator. My favorite sport is swimming and I also enjoy playing video games.
332,sarahjones,24-35,Begginer,Hobby,Mix,I am a stay-at-home mom and I am learning English so that I can read English books to my children. I am also interested in traveling to the United States. My favorite hobby is cooking and I also enjoy spending time with my family.,
333,markwilson,35-45,Intermediate,School/Uni,Self Study,I am a teacher and I am learning English so that I can teach my students. I am also interested in traveling to England. My favorite sport is soccer and I also enjoy reading.,
334,jenniferhernandez,45-55,Advanced,Skill,Live Class,I am a business woman and I am learning English so that I can improve my career prospects. I am also interested in traveling to the United States. My favorite hobby is painting and I also enjoy spending time with my friends.,
335,williamdavis,55-65,Begginer,Career,Mix,I am a doctor and I am learning English so that I can communicate with my patients. I am also interested in traveling to the United States. My favorite sport is golf and I also enjoy fishing.,
336,elizabethwilliams,65,Intermediate,Social,Self Study,I am a retired nurse and I am learning English so that I can make friends with people from other countries. I am also interested in traveling to Europe. ,
337,josephbrown,18-24,Advanced Intermediate,Other,Live Class,I am a student at the university of California, Berkeley. I am majoring in linguistics and I am interested in learning English so that I can work as a translator. My favorite sport is basketball and I also enjoy playing the guitar.
338,emilyjones,24-35,Begginer,Hobby,Mix,I am a stay-at-home mom and I am learning English so that I can read English books to my children. I am also interested in traveling to the United States. My favorite hobby is gardening and I also enjoy spending time with my family.,
339,michaelwilson,35-45,Intermediate,School/Uni,Self Study,I am a teacher and I am learning English so that I can teach my students. I am also interested in traveling to England. My favorite sport is tennis and I also enjoy reading.,
340,jessicahernandez,45-55,Advanced,Skill,Live Class,I am a business woman and I am learning English so that I can improve my career prospects. I am also interested in traveling to the United States. My favorite hobby is painting and I also enjoy spending time with my friends.,
341,danieldavis,55-65,Begginer,Career,Mix,I342,am a doctor and I am learning English so that I can communicate with my patients. I am also interested in traveling to the United States. My favorite sport is golf and I also enjoy fishing.
343,rebeccaknight,65,Intermediate,Social,Self Study,I am a retired nurse and I am learning English so that I can make friends with people from other countries. I am also interested in traveling to Europe. ,
344,jamesbrown,18-24,Advanced Intermediate,Other,Live Class,I am a student at the university of California, Berkeley. I am majoring in linguistics and I am interested in learning English so that I can work as a translator. My favorite sport is basketball and I also enjoy playing the guitar.
345,michellejones,24-35,Begginer,Hobby,Mix,I am a stay-at-home mom and I am learning English so that I can read English books to my children. I am also interested in traveling to the United States. My favorite hobby is gardening and I also enjoy spending time with my family.,
346,andrewlee,35-45,Intermediate,School/Uni,Self Study,I am a teacher and I am learning English so that I can teach my students. I am also interested in traveling to England. My favorite sport is soccer and I also enjoy playing the piano.,
347,kristinhernandez,45-55,Advanced,Skill,Live Class,I am a business woman and I am learning English so that I can improve my career prospects. I am also interested in traveling to the United States. ,
348,frankdavis,55-65,Begginer,Career,Mix,I am a doctor and I am learning English so that I can communicate with my patients. I am also interested in traveling to the United States. My favorite sport is tennis and I also enjoy playing golf.,
349,susannawilliams,65,Intermediate,Social,Self Study,I am a retired nurse and I am learning English so that I can make friends with people from other countries. I am also interested in traveling to Europe. My favorite hobby is knitting and I also enjoy spending time with my grandchildren.,
350,davidbrown,18-24,Advanced Intermediate,Other,Live Class,I am a student at the university of California, Berkeley. I am majoring in linguistics and I am interested in learning English so that I can work as a translator. My favorite sport is swimming and I also enjoy playing video games.
351,sarahjones,24-35,Begginer,Hobby,Mix,I am a stay-at-home mom and I am learning English so that I can read English books to my children. I am also interested in traveling to the United States. My favorite hobby is cooking and I also enjoy spending time with my family.,
352,markwilson,35-45,Intermediate,School/Uni,Self Study,I am a teacher and I am learning English so that I can teach my students. I am also interested in traveling to England. My favorite sport is soccer and I also enjoy reading.,
353,jenniferhernandez,45-55,Advanced,Skill,Live Class,I am a business woman and I am learning English so that I can improve my career prospects. I am also interested in traveling to the United States. My favorite hobby is painting and I also enjoy spending time with my friends.,
354,williamdavis,55-65,Begginer,Career,Mix,I am a doctor and I am learning English so that I can communicate with my patients. I am also interested in traveling to the United States. My favorite sport is golf and I also enjoy fishing.,
355,elizabethwilliams,65,Intermediate,Social,Self Study,I am a retired nurse and I am learning English so that I can make friends with people from other countries. I am also interested in traveling to Europe. ,
356,josephbrown,18-24,Advanced Intermediate,Other,Live Class,I am a student at the university of California, Berkeley. I am majoring in linguistics and I am interested in learning English so that I can work as a translator. My favorite sport is basketball and I also enjoy playing the guitar.
357,emilyjones,24-35,Begginer,Hobby,Mix,I am a stay-at-home mom and I am learning English so that I can read English books to my children. I am also interested in traveling to the United States. My favorite hobby is gardening and I also enjoy spending time with my family.,
358,michaelwilson,35-45,Intermediate,School/Uni,Self Study,I am a teacher and I am learning English so that I can teach my students. I am also interested in traveling to England. My favorite sport is tennis and I also enjoy reading.,
359,jessicahernandez,45-55,Advanced,Skill,Live Class,I am a business woman and I am learning English so that I can improve my career prospects. I am also interested in traveling to the United States. My favorite hobby is painting and I also enjoy spending time with my friends.,
362,jamesbrown,18-24,Advanced Intermediate,Other,Live Class,I am a student at the university of California, Berkeley. I am majoring in linguistics and I am interested in learning English so that I can work as a translator. My favorite sport is basketball and I also enjoy playing the guitar.
363,michellejones,24-35,Begginer,Hobby,Mix,I am a stay-at-home mom and I am learning English so that I can read English books to my children. I am also interested in traveling to the United States. My favorite hobby is gardening and I also enjoy spending time with my family.,
364,andrewlee,35-45,Intermediate,School/Uni,Self Study,I am a teacher and I am learning English so that I can teach my students. I am also interested in traveling to England. My favorite sport is soccer and I also enjoy playing the piano.,
365,kristinhernandez,45-55,Advanced,Skill,Live Class,I am a business woman and I am learning English so that I can improve my career prospects. I am also interested in traveling to the United States. ,
366,frankdavis,55-65,Begginer,Career,Mix,I am a doctor and I am learning English so that I can communicate with my patients. I am also interested in traveling to the United States. My favorite sport is tennis and I also enjoy playing golf.,
367,susannawilliams,65,Intermediate,Social,Self Study,I am a retired nurse and I am learning English so that I can make friends with people from other countries. I am also interested in traveling to Europe. My favorite hobby is knitting and I also enjoy spending time with my grandchildren.,
368,davidbrown,18-24,Advanced Intermediate,Other,Live Class,I am a student at the university of California, Berkeley. I am majoring in linguistics and I am interested in learning English so that I can work as a translator. My favorite sport is swimming and I also enjoy playing video games.
369,sarahjones,24-35,Begginer,Hobby,Mix,I am a stay-at-home mom and I am learning English so that I can read English books to my children. I am also interested in traveling to the United States. My favorite hobby is cooking and I also enjoy spending time with my family.,
370,markwilson,35-45,Intermediate,School/Uni,Self Study,I am a teacher and I am learning English so that I can teach my students. I am also interested in traveling to England. My favorite sport is soccer and I also enjoy reading.,
371,jenniferhernandez,45-55,Advanced,Skill,Live Class,I am a business woman and I am learning English so that I can improve my career prospects. I am also interested in traveling to the United States. My favorite hobby is painting and I also enjoy spending time with my friends.,
372,williamdavis,55-65,Begginer,Career,Mix,I am a doctor and I am learning English so that I can communicate with my patients. I am also interested in traveling to the United States. My favorite sport is golf and I also enjoy fishing.,
373,elizabethwilliams,65,Intermediate,Social,Self Study,I am a retired nurse and I am learning English so that I can make friends with people from other countries. I am also interested in traveling to Europe. ,
374,josephbrown,18-24,Advanced Intermediate,Other,Live Class,I am a student at the university of California, Berkeley. I am majoring in linguistics and I am interested in learning English so that I can work as a translator. My favorite sport is basketball and I also enjoy playing the guitar.
375,emilyjones,24-35,Begginer,Hobby,Mix,I am a stay-at-home mom and I am learning English so that I can read English books to my children. I am also interested in traveling to the United States. My favorite hobby is gardening and I also enjoy spending time with my family.,
376,michaelwilson,35-45,Intermediate,School/Uni,Self Study,I am a teacher and I am learning English so that I can teach my students. I am also interested in traveling to England. My favorite sport is tennis and I also enjoy reading.,
377,jessicahernandez,45-55,Advanced,Skill,Live Class,I am a business woman and I am learning English so that I can improve my career prospects. I am also interested in traveling to the United States. My favorite hobby is painting and I also enjoy spending time with my friends.,
378,danieldavis,55-65,Begginer,Career,Mix,I am a doctor and I am learning English so that I can communicate with my patients. I am also interested in traveling to the United States. My favorite sport is golf and I also enjoy fishing.,
379,rebeccaknight,65,Intermediate,Social,Self Study,I am a retired nurse and I am learning English so that I can make friends with people from other countries. I am also interested in traveling to Europe. ,
380,jamesbrown,18-24,Advanced Intermediate,Other,Live Class,I am a student at the university of California, Berkeley. I am majoring in linguistics and I am interested in learning English so that I can work as a translator. My favorite sport is basketball and I also enjoy playing the guitar.
383,kristinhernandez,45-55,Advanced,Skill,Live Class,I am a business woman and I am learning English so that I can improve my career prospects. I am also interested in traveling to the United States. ,
384,frankdavis,55-65,Begginer,Career,Mix,I am a doctor and I am learning English so that I can communicate with my patients. I am also interested in traveling to the United States. My favorite sport is tennis and I also enjoy playing golf.,
385,susannawilliams,65,Intermediate,Social,Self Study,I am a retired nurse and I am learning English so that I can make friends with people from other countries. I am also interested in traveling to Europe. My favorite hobby is knitting and I also enjoy spending time with my grandchildren.,
386,davidbrown,18-24,Advanced Intermediate,Other,Live Class,I am a student at the university of California, Berkeley. I am majoring in linguistics and I am interested in learning English so that I can work as a translator. My favorite sport is swimming and I also enjoy playing video games.
387,sarahjones,24-35,Begginer,Hobby,Mix,I am a stay-at-home mom and I am learning English so that I can read English books to my children. I am also interested in traveling to the United States. My favorite hobby is cooking and I also enjoy spending time with my family.,
388,markwilson,35-45,Intermediate,School/Uni,Self Study,I am a teacher and I am learning English so that I can teach my students. I am also interested in traveling to England. My favorite sport is soccer and I also enjoy reading.,
389,jenniferhernandez,45-55,Advanced,Skill,Live Class,I am a business woman and I am learning English so that I can improve my career prospects. I am also interested in traveling to the United States. My favorite hobby is painting and I also enjoy spending time with my friends.,
390,williamdavis,55-65,Begginer,Career,Mix,I am a doctor and I am learning English so that I can communicate with my patients. I am also interested in traveling to the United States. My favorite sport is golf and I also enjoy fishing.,
391,elizabethwilliams,65,Intermediate,Social,Self Study,I am a retired nurse and I am learning English so that I can make friends with people from other countries. I am also interested in traveling to Europe. ,
392,josephbrown,18-24,Advanced Intermediate,Other,Live Class,I am a student at the university of California, Berkeley. I am majoring in linguistics and I am interested in learning English so that I can work as a translator. My favorite sport is basketball and I also enjoy playing the guitar.
393,emilyjones,24-35,Begginer,Hobby,Mix,I am a stay-at-home mom and I am learning English so that I can read English books to my children. I am also interested in traveling to the United States. My favorite hobby is gardening and I also enjoy spending time with my family.,
394,michaelwilson,35-45,Intermediate,School/Uni,Self Study,I am a teacher and I am learning English so that I can teach my students. I am also interested in traveling to England. My favorite sport is tennis and I also enjoy reading.,
395,jessicahernandez,45-55,Advanced,Skill,Live Class,I am a business woman and I am learning English so that I can improve my career prospects. I am also interested in traveling to the United States. My favorite hobby is painting and I also enjoy spending time with my friends.,
396,danieldavis,55-65,Begginer,Career,Mix,I am a doctor and I am learning English so that I can communicate with my patients. I am also interested in traveling to the United States. My favorite sport is golf and I also enjoy fishing.,
397,rebeccaknight,65,Intermediate,Social,Self Study,I am a retired nurse and I am learning English so that I can make friends with people from other countries. I am also interested in traveling to Europe. My favorite hobby is knitting and I also enjoy spending time with my grandchildren.,
398,jamesbrown,18-24,Advanced Intermediate,Other,Live Class,I am a student at the university of California, Berkeley. I am majoring in linguistics and I am interested in learning English so that I can work as a translator. My favorite sport is basketball and I also enjoy playing the guitar.
399,michellejones,24-35,Begginer,Hobby,Mix,I am a stay-at-home mom and I am learning English so that I can read English books to my children. I am also interested in traveling to the United States. My favorite hobby is gardening and I also enjoy spending time with my family.,
402,frankdavis,55-65,Begginer,Career,Mix,I am a doctor and I am learning English so that I can communicate with my patients. I am also interested in traveling to the United States. My favorite sport is tennis and I also enjoy playing golf.,
403,susannawilliams,65,Intermediate,Social,Self Study,I am a retired nurse and I am learning English so that I can make friends with people from other countries. I am also interested in traveling to Europe. My favorite hobby is knitting and I also enjoy spending time with my grandchildren.,
404,davidbrown,18-24,Advanced Intermediate,Other,Live Class,I am a student at the university of California, Berkeley. I am majoring in linguistics and I am interested in learning English so that I can work as a translator. My favorite sport is swimming and I also enjoy playing video games.
405,sarahjones,24-35,Begginer,Hobby,Mix,I am a stay-at-home mom and I am learning English so that I can read English books to my children. I am also interested in traveling to the United States. My favorite hobby is cooking and I also enjoy spending time with my family.,
406,markwilson,35-45,Intermediate,School/Uni,Self Study,I am a teacher and I am learning English so that I can teach my students. I am also interested in traveling to England. My favorite sport is soccer and I also enjoy reading.,
407,jenniferhernandez,45-55,Advanced,Skill,Live Class,I am a business woman and I am learning English so that I can improve my career prospects. I am also interested in traveling to the United States. My favorite hobby is painting and I also enjoy spending time with my friends.,
408,williamdavis,55-65,Begginer,Career,Mix,I am a doctor and I am learning English so that I can communicate with my patients. I am also interested in traveling to the United States. My favorite sport is golf and I also enjoy fishing.,
409,elizabethwilliams,65,Intermediate,Social,Self Study,I am a retired nurse and I am learning English so that I can make friends with people from other countries. I am also interested in traveling to Europe. ,
410,josephbrown,18-24,Advanced Intermediate,Other,Live Class,I am a student at the university of California, Berkeley. I am majoring in linguistics and I am interested in learning English so that I can work as a translator. My favorite sport is basketball and I also enjoy playing the guitar.
411,emilyjones,24-35,Begginer,Hobby,Mix,I am a stay-at-home mom and I am learning English so that I can read English books to my children. I am also interested in traveling to the United States. My favorite hobby is gardening and I also enjoy spending time with my family.,
412,michaelwilson,35-45,Intermediate,School/Uni,Self Study,I am a teacher and I am learning English so that I can teach my students. I am also interested in traveling to England. My favorite sport is tennis and I also enjoy reading.,
413,jessicahernandez,45-55,Advanced,Skill,Live Class,I am a business woman and I am learning English so that I can improve my career prospects. I am also interested in traveling to the United States. My favorite hobby is painting and I also enjoy spending time with my friends.,
414,danieldavis,55-65,Begginer,Career,Mix,I am a doctor and I am learning English so that I can communicate with my patients. I am also interested in traveling to the United States. My favorite sport is golf and I also enjoy fishing.,
415,rebeccaknight,65,Intermediate,Social,Self Study,I am a retired nurse and I am learning English so that I can make friends with people from other countries. I am also interested in traveling to Europe. My favorite hobby is knitting and I also enjoy spending time with my grandchildren.,
416,jamesbrown,18-24,Advanced Intermediate,Other,Live Class,I am a student at the university of California, Berkeley. I am majoring in linguistics and I am interested in learning English so that I can work as a translator. My favorite sport is basketball and I also enjoy playing the guitar.
417,michellejones,24-35,Begginer,Hobby,Mix,I am a stay-at-home mom and I am learning English so that I can read English books to my children. I am also interested in traveling to the United States. My favorite hobby is gardening and I also enjoy spending time with my family.,
418,andrewlee,35-45,Intermediate,School/Uni,Self Study,I am a teacher and I am learning English so that I can teach my students. I am also interested in traveling to England. My favorite sport is soccer and I also enjoy playing the piano.,
419,kristinhernandez,45-55,Advanced,Skill,Live Class,I am a business woman and I am learning English so that I can improve my career prospects. I am also interested in traveling to the United States. ,
420,frankdavis,55-65,Begginer,Career,Mix,I am a doctor and I am learning English so that I can communicate with my patients. I am also interested in traveling to the United States. My favorite sport is tennis and I also enjoy playing golf.,
423,sarahjones,24-35,Begginer,Hobby,Mix,I am a stay-at-home mom and I am learning English so that I can read English books to my children. I am also interested in traveling to the United States. My favorite hobby is cooking and I also enjoy spending time with my family.,
424,markwilson,35-45,Intermediate,School/Uni,Self Study,I am a teacher and I am learning English so that I can teach my students. I am also interested in traveling to England. My favorite sport is soccer and I also enjoy reading.,
425,jenniferhernandez,45-55,Advanced,Skill,Live Class,I am a business woman and I am learning English so that I can improve my career prospects. I am also interested in traveling to the United States. My favorite hobby is painting and I also enjoy spending time with my friends.,
426,williamdavis,55-65,Begginer,Career,Mix,I am a doctor and I am learning English so that I can communicate with my patients. I am also interested in traveling to the United States. My favorite sport is golf and I also enjoy fishing.,
427,elizabethwilliams,65,Intermediate,Social,Self Study,I am a retired nurse and I am learning English so that I can make friends with people from other countries. I am also interested in traveling to Europe. ,
428,josephbrown,18-24,Advanced Intermediate,Other,Live Class,I am a student at the university of California, Berkeley. I am majoring in linguistics and I am interested in learning English so that I can work as a translator. My favorite sport is basketball and I also enjoy playing the guitar.
429,emilyjones,24-35,Begginer,Hobby,Mix,I am a stay-at-home mom and I am learning English so that I can read English books to my children. I am also interested in traveling to the United States. My favorite hobby is gardening and I also enjoy spending time with my family.,
430,michaelwilson,35-45,Intermediate,School/Uni,Self Study,I am a teacher and I am learning English so that I can teach my students. I am also interested in traveling to England. My favorite sport is tennis and I also enjoy reading.,
431,jessicahernandez,45-55,Advanced,Skill,Live Class,I am a business woman and I am learning English so that I can improve my career prospects. I am also interested in traveling to the United States. My favorite hobby is painting and I also enjoy spending time with my friends.,
432,danieldavis,55-65,Begginer,Career,Mix,I am a doctor and I am learning English so that I can communicate with my patients. I am also interested in traveling to the United States. My favorite sport is golf and I also enjoy fishing.,
433,rebeccaknight,65,Intermediate,Social,Self Study,I am a retired nurse and I am learning English so that I can make friends with people from other countries. I am also interested in traveling to Europe. ,
434,jamesbrown,18-24,Advanced Intermediate,Other,Live Class,I am a student at the university of California, Berkeley. I am majoring in linguistics and I am interested in learning English so that I can work as a translator. My favorite sport is basketball and I also enjoy playing the guitar.
435,michellejones,24-35,Begginer,Hobby,Mix,I am a stay-at-home mom and I am learning English so that I can read English books to my children. I am also interested in traveling to the United States. My favorite hobby is gardening and I also enjoy spending time with my family.,
436,andrewlee,35-45,Intermediate,School/Uni,Self Study,I am a teacher and I am learning English so that I can teach my students. I am also interested in traveling to England. My favorite sport is soccer and I also enjoy playing the piano.,
437,kristinhernandez,45-55,Advanced,Skill,Live Class,I am a business woman and I am learning English so that I can improve my career prospects. I am also interested in traveling to the United States. ,
438,frankdavis,55-65,Begginer,Career,Mix,I am a doctor and I am learning English so that I can communicate with my patients. I am also interested in traveling to the United States. My favorite sport is tennis and I also enjoy playing golf.,
439,susannawilliams,65,Intermediate,Social,Self Study,I am a retired nurse and I am learning English so that I can make friends with people from other countries. I am also interested in traveling to Europe. My favorite hobby is knitting and I also enjoy spending time with my grandchildren.,
440,davidbrown,18-24,Advanced Intermediate,Other,Live Class,I am a student at the university of California, Berkeley. I am majoring in linguistics and I am interested in learning English so that I can work as a translator. My favorite sport is swimming and I also enjoy playing video games.
441,sarahjones,24-35,Begginer,Hobby,Mix,I am a stay-at-home mom and I am learning English so that I can read English books to my children. I am also interested in traveling to the United States. My favorite hobby is cooking and I also enjoy spending time with my family.,
442,markwilson,35-45,Intermediate,School/Uni,Self Study,I am a teacher and I am learning English so that I can teach my students. I am also interested in traveling to England. My favorite sport is soccer and I also enjoy reading.,
445,elizabethwilliams,65,Intermediate,Social,Self Study,I am a retired nurse and I am learning English so that I can make friends with people from other countries. I am also interested in traveling to Europe. ,
446,josephbrown,18-24,Advanced Intermediate,Other,Live Class,I am a student at the university of California, Berkeley. I am majoring in linguistics and I am interested in learning English so that I can work as a translator. My favorite sport is basketball and I also enjoy playing the guitar.
447,emilyjones,24-35,Begginer,Hobby,Mix,I am a stay-at-home mom and I am learning English so that I can read English books to my children. I am also interested in traveling to the United States. My favorite hobby is gardening and I also enjoy spending time with my family.,
448,michaelwilson,35-45,Intermediate,School/Uni,Self Study,I am a teacher and I am learning English so that I can teach my students. I am also interested in traveling to England. My favorite sport is tennis and I also enjoy reading.,
449,jessicahernandez,45-55,Advanced,Skill,Live Class,I am a business woman and I am learning English so that I can improve my career prospects. I am also interested in traveling to the United States. My favorite hobby is painting and I also enjoy spending time with my friends.,
450,danieldavis,55-65,Begginer,Career,Mix,I am a doctor and I am learning English so that I can communicate with my patients. I am also interested in traveling to the United States. My favorite sport is golf and I also enjoy fishing.,
451,rebeccaknight,65,Intermediate,Social,Self Study,I am a retired nurse and I am learning English so that I can make friends with people from other countries. I am also interested in traveling to Europe. ,
452,jamesbrown,18-24,Advanced Intermediate,Other,Live Class,I am a student at the university of California, Berkeley. I am majoring in linguistics and I am interested in learning English so that I can work as a translator. My favorite sport is basketball and I also enjoy playing the guitar.
453,michellejones,24-35,Begginer,Hobby,Mix,I am a stay-at-home mom and I am learning English so that I can read English books to my children. I am also interested in traveling to the United States. My favorite hobby is gardening and I also enjoy spending time with my family.,
454,andrewlee,35-45,Intermediate,School/Uni,Self Study,I am a teacher and I am learning English so that I can teach my students. I am also interested in traveling to England. My favorite sport is soccer and I also enjoy playing the piano.,
455,kristinhernandez,45-55,Advanced,Skill,Live Class,I am a business woman and I am learning English so that I can improve my career prospects. I am also interested in traveling to the United States. ,
456,frankdavis,55-65,Begginer,Career,Mix,I am a doctor and I am learning English so that I can communicate with my patients. I am also interested in traveling to the United States. My favorite sport is tennis and I also enjoy playing golf.,
457,susannawilliams,65,Intermediate,Social,Self Study,I am a retired nurse and I am learning English so that I can make friends with people from other countries. I am also interested in traveling to Europe. My favorite hobby is knitting and I also enjoy spending time with my grandchildren.,
458,davidbrown,18-24,Advanced Intermediate,Other,Live Class,I am a student at the university of California, Berkeley. I am majoring in linguistics and I am interested in learning English so that I can work as a translator. My favorite sport is swimming and I also enjoy playing video games.
459,sarahjones,24-35,Begginer,Hobby,Mix,I am a stay-at-home mom and I am learning English so that I can read English books to my children. I am also interested in traveling to the United States. My favorite hobby is cooking and I also enjoy spending time with my family.,
460,markwilson,35-45,Intermediate,School/Uni,Self Study,I am a teacher and I am learning English so that I can teach my students. I am also interested in traveling to England. My favorite sport is soccer and I also enjoy reading.,
461,jenniferhernandez,45-55,Advanced,Skill,Live Class,I am a business woman and I am learning English so that I can improve my career prospects. I am also interested in traveling to the United States. My favorite hobby is painting and I also enjoy spending time with my friends.,
462,williamdavis,55-65,Begginer,Career,Mix,I am a doctor and I am learning English so that I can communicate with my patients. I am also interested in traveling to the United States. My favorite sport is golf and I also enjoy fishing.,
463,elizabethwilliams,65,Intermediate,Social,Self Study,I am a retired nurse and I am learning English so that I can make friends with people from other countries. I am also interested in traveling to Europe. ,
464,josephbrown,18-24,Advanced Intermediate,Other,Live Class,I am a student at the university of California, Berkeley. I am majoring in linguistics and I am interested in learning English so that I can work as a translator. My favorite sport is basketball and I also enjoy playing the guitar.
465,emilyjones,24-35,Begginer,Hobby,Mix,I am a stay-at-home mom and I am learning English so that I can read English books to my children. I am also interested in traveling to the United States. My favorite hobby is gardening and I also enjoy spending time with my family.,
468,danieldavis,55-65,Begginer,Career,Mix,I am a doctor and I am learning English so that I can communicate with my patients. I am also interested in traveling to the United States. My favorite sport is golf and I also enjoy fishing.,
469,rebeccaknight,65,Intermediate,Social,Self Study,I am a retired nurse and I am learning English so that I can make friends with people from other countries. I am also interested in traveling to Europe. ,
470,jamesbrown,18-24,Advanced Intermediate,Other,Live Class,I am a student at the university of California, Berkeley. I am majoring in linguistics and I am interested in learning English so that I can work as a translator. My favorite sport is basketball and I also enjoy playing the guitar.
471,michellejones,24-35,Begginer,Hobby,Mix,I am a stay-at-home mom and I am learning English so that I can read English books to my children. I am also interested in traveling to the United States. My favorite hobby is gardening and I also enjoy spending time with my family.,
472,andrewlee,35-45,Intermediate,School/Uni,Self Study,I am a teacher and I am learning English so that I can teach my students. I am also interested in traveling to England. My favorite sport is soccer and I also enjoy playing the piano.,
473,kristinhernandez,45-55,Advanced,Skill,Live Class,I am a business woman and I am learning English so that I can improve my career prospects. I am also interested in traveling to the United States. ,
474,frankdavis,55-65,Begginer,Career,Mix,I am a doctor and I am learning English so that I can communicate with my patients. I am also interested in traveling to the United States. My favorite sport is tennis and I also enjoy playing golf.,
475,susannawilliams,65,Intermediate,Social,Self Study,I am a retired nurse and I am learning English so that I can make friends with people from other countries. I am also interested in traveling to Europe. My favorite hobby is knitting and I also enjoy spending time with my grandchildren.,
476,davidbrown,18-24,Advanced Intermediate,Other,Live Class,I am a student at the university of California, Berkeley. I am majoring in linguistics and I am interested in learning English so that I can work as a translator. My favorite sport is swimming and I also enjoy playing video games.
477,sarahjones,24-35,Begginer,Hobby,Mix,I am a stay-at-home mom and I am learning English so that I can read English books to my children. I am also interested in traveling to the United States. My favorite hobby is cooking and I also enjoy spending time with my family.,
478,markwilson,35-45,Intermediate,School/Uni,Self Study,I am a teacher and I am learning English so that I can teach my students. I am also interested in traveling to England. My favorite sport is soccer and I also enjoy reading.,
479,jenniferhernandez,45-55,Advanced,Skill,Live Class,I am a business woman and I am learning English so that I can improve my career prospects. I am also interested in traveling to the United States. My favorite hobby is painting and I also enjoy spending time with my friends.,
480,williamdavis,55-65,Begginer,Career,Mix,I am a doctor and I am learning English so that I can communicate with my patients. I am also interested in traveling to the United States. My favorite sport is golf and I also enjoy fishing.,
481,elizabethwilliams,65,Intermediate,Social,Self Study,I am a retired nurse and I am learning English so that I can make friends with people from other countries. I am also interested in traveling to Europe. ,
482,josephbrown,18-24,Advanced Intermediate,Other,Live Class,I am a student at the university of California, Berkeley. I am majoring in linguistics and I am interested in learning English so that I can work as a translator. My favorite sport is basketball and I also enjoy playing the guitar.
483,emilyjones,24-35,Begginer,Hobby,Mix,I am a stay-at-home mom and I am learning English so that I can read English books to my children. I am also interested in traveling to the United States. My favorite hobby is gardening and I also enjoy spending time with my family.,
484,michaelwilson,35-45,Intermediate,School/Uni,Self Study,I am a teacher and I am learning English so that I can teach my students. I am also interested in traveling to England. My favorite sport is tennis and I also enjoy reading.,
485,jessicahernandez,45-55,Advanced,Skill,Live Class,I am a business woman and I am learning English so that I can improve my career prospects. I am also interested in traveling to the United States. My favorite hobby is painting and I also enjoy spending time with my friends.,
486,danieldavis,55-65,Begginer,Career,Mix,I am a doctor and I am learning English so that I can communicate with my patients. I am also interested in traveling to the United States. My favorite sport is golf and I also enjoy fishing.,
487,rebeccaknight,65,Intermediate,Social,Self Study,I am a retired nurse and I am learning English so that I can make friends with people from other countries. I am also interested in traveling to Europe. ,
488,jamesbrown,18-24,Advanced Intermediate,Other,Live Class,I am a student at the university of California, Berkeley. I am majoring in linguistics and I am interested in learning English so that I can work as a translator. My favorite sport is basketball and I also enjoy playing the guitar.
489,michellejones,24-35,Begginer,Hobby,Mix,I am a stay-at-home mom and I am learning English so that I can read English books to my children. I am also interested in traveling to the United States. My favorite hobby is gardening and I also enjoy spending time with my family.,
490,andrewlee,35-45,Intermediate,School/Uni,Self Study,I am a teacher and I am learning English so that I can teach my students. I am also interested in traveling to England. My favorite sport is soccer and I also enjoy playing the piano.,
